event_name,event_rows,distinct_users,missing_user_rows,missing_timestamp_rows
page_view,1350428,269792,0,0
user_engagement,1058721,213004,0,0
scroll,493072,138098,0,0
view_item,386068,61252,0,0
session_start,354970,267116,0,0
first_visit,257462,257314,0,0
view_promotion,190104,102443,0,0
add_to_cart,58543,12545,0,0
begin_checkout,38757,9715,0,0
select_item,31007,13180,0,0
view_search_results,26172,14449,0,0
add_shipping_info,19722,9714,0,0
add_payment_info,13899,5751,0,0
select_promotion,9450,8164,0,0
purchase,5692,4419,0,0
click,1446,1010,0,0
view_item_list,71,44,0,0
