cohort_week,activity_week,week_number,cohort_users,active_users,retention_rate
2020-11-02,2020-11-02,0,19374,19374,1
2020-11-02,2020-11-09,1,19374,1227,0.063332301021988238
2020-11-02,2020-11-16,2,19374,660,0.034066274388355529
2020-11-02,2020-11-23,3,19374,468,0.024156085475379376
2020-11-02,2020-11-30,4,19374,441,0.022762465159492103
2020-11-02,2020-12-07,5,19374,378,0.019510684422421803
2020-11-02,2020-12-14,6,19374,249,0.012852276246515949
2020-11-02,2020-12-21,7,19374,113,0.0058325590998245073
2020-11-02,2020-12-28,8,19374,75,0.00387116754413131
2020-11-02,2021-01-04,9,19374,130,0.0067100237431609372
2020-11-02,2021-01-11,10,19374,106,0.005471250129038918
2020-11-02,2021-01-18,11,19374,80,0.0041292453804067306
2020-11-02,2021-01-25,12,19374,79,0.0040776298131516469
2020-11-09,2020-11-09,0,16232,16232,1
2020-11-09,2020-11-16,1,16232,1092,0.067274519467718091
2020-11-09,2020-11-23,2,16232,507,0.031234598324297685
2020-11-09,2020-11-30,3,16232,416,0.025628388368654508
2020-11-09,2020-12-07,4,16232,400,0.02464268112370626
2020-11-09,2020-12-14,5,16232,245,0.015093642188270084
2020-11-09,2020-12-21,6,16232,122,0.0075160177427304091
2020-11-09,2020-12-28,7,16232,68,0.0041892557910300637
2020-11-09,2021-01-04,8,16232,100,0.006160670280926565
2020-11-09,2021-01-11,9,16232,83,0.0051133563331690491
2020-11-09,2021-01-18,10,16232,86,0.0052981764415968458
2020-11-09,2021-01-25,11,16232,69,0.00425086249383933
2020-11-16,2020-11-16,0,18167,18167,1
2020-11-16,2020-11-23,1,18167,1052,0.057907194363406175
2020-11-16,2020-11-30,2,18167,599,0.032971872075741732
2020-11-16,2020-12-07,3,18167,433,0.023834425056420982
2020-11-16,2020-12-14,4,18167,326,0.017944624869268455
2020-11-16,2020-12-21,5,18167,131,0.0072108768646446855
2020-11-16,2020-12-28,6,18167,78,0.0042934992018495077
2020-11-16,2021-01-04,7,18167,87,0.0047889029559090657
2020-11-16,2021-01-11,8,18167,85,0.00467881323278472
2020-11-16,2021-01-18,9,18167,75,0.0041283646171629881
2020-11-16,2021-01-25,10,18167,65,0.0035779160015412563
2020-11-23,2020-11-23,0,20072,20072,1
2020-11-23,2020-11-30,1,20072,1023,0.050966520526106021
2020-11-23,2020-12-07,2,20072,533,0.026554404145077721
2020-11-23,2020-12-14,3,20072,318,0.015842965324830611
2020-11-23,2020-12-21,4,20072,152,0.00757273814268633
2020-11-23,2020-12-28,5,20072,93,0.00463332004782782
2020-11-23,2021-01-04,6,20072,106,0.0052809884416102036
2020-11-23,2021-01-11,7,20072,98,0.0048824232762056594
2020-11-23,2021-01-18,8,20072,80,0.0039856516540454365
2020-11-23,2021-01-25,9,20072,96,0.0047827819848545233
2020-11-30,2020-11-30,0,22034,22034,1
2020-11-30,2020-12-07,1,22034,1192,0.054098211854406823
2020-11-30,2020-12-14,2,22034,491,0.022283743305800126
2020-11-30,2020-12-21,3,22034,196,0.0088953435599528
2020-11-30,2020-12-28,4,22034,138,0.0062630480167014616
2020-11-30,2021-01-04,5,22034,147,0.0066715076699646
2020-11-30,2021-01-11,6,22034,118,0.0053553598983389307
2020-11-30,2021-01-18,7,22034,86,0.0039030589089588817
2020-11-30,2021-01-25,8,22034,98,0.0044476717799764
2020-12-07,2020-12-07,0,28545,28545,1
2020-12-07,2020-12-14,1,28545,954,0.033420914345769839
2020-12-07,2020-12-21,2,28545,271,0.0094937817481170091
2020-12-07,2020-12-28,3,28545,194,0.0067962865650726921
2020-12-07,2021-01-04,4,28545,298,0.010439656682431249
2020-12-07,2021-01-11,5,28545,168,0.0058854440357330529
2020-12-07,2021-01-18,6,28545,122,0.0042739534069013837
2020-12-07,2021-01-25,7,28545,115,0.0040287265720791729
2020-12-14,2020-12-14,0,24839,24839,1
2020-12-14,2020-12-21,1,24839,716,0.028825637102942954
2020-12-14,2020-12-28,2,24839,235,0.00946092837875921
2020-12-14,2021-01-04,3,24839,314,0.012641410684810178
2020-12-14,2021-01-11,4,24839,227,0.0091388542211844285
2020-12-14,2021-01-18,5,24839,143,0.005757075566649221
2020-12-14,2021-01-25,6,24839,114,0.0045895567454406379
2020-12-21,2020-12-21,0,17430,17430,1
2020-12-21,2020-12-28,1,17430,447,0.025645438898450945
2020-12-21,2021-01-04,2,17430,203,0.011646586345381526
2020-12-21,2021-01-11,3,17430,172,0.0098680436029833628
2020-12-21,2021-01-18,4,17430,104,0.005966724039013196
2020-12-21,2021-01-25,5,17430,75,0.0043029259896729772
2020-12-28,2020-12-28,0,16615,16615,1
2020-12-28,2021-01-04,1,16615,411,0.024736683719530545
2020-12-28,2021-01-11,2,16615,149,0.0089678001805597353
2020-12-28,2021-01-18,3,16615,101,0.0060788444176948543
2020-12-28,2021-01-25,4,16615,78,0.0046945531146554316
2021-01-04,2021-01-04,0,22908,22908,1
2021-01-04,2021-01-11,1,22908,732,0.031953902566788893
2021-01-04,2021-01-18,2,22908,285,0.012441068622315348
2021-01-04,2021-01-25,3,22908,200,0.0087305744718002443
2021-01-11,2021-01-11,0,21433,21433,1
2021-01-11,2021-01-18,1,21433,786,0.036672421032986513
2021-01-11,2021-01-25,2,21433,301,0.014043764288713666
2021-01-18,2021-01-18,0,20698,20698,1
2021-01-18,2021-01-25,1,20698,858,0.041453280510194222
2021-01-25,2021-01-25,0,19442,19442,1
